date,source,title,words
2026-08-08,queue,"Pakistan's Virtual Assets Act 2026: The Complete Guide",1687
2026-08-08,queue,"Who Needs a PVARA Licence in Pakistan?",1638
2026-08-09,queue,"What Is PVARA? Pakistan's Virtual Assets Regulator",1663
2026-08-09,queue,"The Virtual Assets Act 2026, Section by Section",2093
2026-08-10,queue,"The PVARA No Objection Certificate: A Complete Guide",1934
2026-08-10,queue,"How to Get a Crypto Licence in Pakistan",1987
2026-08-11,queue,"Is Crypto Legal in Pakistan Under the 2026 Act?",1666
2026-08-11,queue,"The Ten Virtual Asset Services in Schedule I",1983
2026-08-12,queue,"What Counts as a Virtual Asset Under Pakistani Law?",1884
2026-08-12,queue,"What Is a VASP Under the Virtual Assets Act 2026?",1853
2026-08-13,queue,"Crypto Company Pakistan: Why NOC Comes Before SECP",2059
2026-08-13,queue,"PVARA Licensing Process: NOC to Full Licence, Step by Step",2390
2026-08-14,queue,"goAML Registration for VASPs: Who Registers, and When",1911
2026-08-14,queue,"PVARA Fit and Proper Standard: The Four Limbs Explained",2239
2026-08-15,queue,"VASP Minimum Capital in Pakistan: What the Act Requires",1983
2026-08-15,queue,"Penalties Under Pakistan's Virtual Assets Act 2026",2479
2026-08-16,queue,"PVARA Sandbox 2026: Eligibility, Application and Exit",2307
2026-08-16,queue,"Stablecoin Regulation in Pakistan: Fiat-Referenced Token Rules",2134
2026-08-17,queue,"Crypto Tax Pakistan: VASP Obligations Under the Act",2260
2026-08-17,queue,"Foreign Crypto Exchange Pakistan: The Market Entry Checklist",2534
2026-08-18,queue,"Virtual Assets Act 2026: When Did It Come Into Force?",1723
2026-08-18,queue,"\'In or From Pakistan\': The Territorial Test for VASPs",2312
2026-08-19,queue,"Closed-Loop Token Exclusion: The Seven Conditions (Pakistan)",1879
2026-08-19,queue,"SECP, SBP or PVARA? Who Regulates Your Virtual Asset",2167
2026-08-20,queue,"Are CBDCs Regulated by PVARA? Pakistan's Exclusion Explained",1874
2026-08-20,queue,"NFT Regulation Pakistan: When Is an NFT a Virtual Asset?",2050
2026-08-21,queue,"PVARA's Power to Exclude Assets From the Act: s.2(2)(f)",2247
2026-08-21,queue,"Blockchain Definition in Pakistan Law: The DLT Test",2094
2026-08-22,queue,"The 20% Controller Threshold for VASPs in Pakistan",2173
2026-08-22,queue,"Customer Assets Definition Under PVARA — Two Terms, Every Duty",2246
2026-08-23,queue,"The Division Concerned: Who Sits Above PVARA",1402
2026-08-23,queue,"Who Is an Issuer Under Pakistan's Virtual Assets Act?",1397
2026-08-24,queue,"The Ten Key Individual Positions Under the Act",1396
2026-08-24,queue,"Official Currency and Person: Definitions That Decide",1258
2026-08-25,queue,"Rules vs Regulations: Who Makes What Under the Act",1332
2026-08-25,queue,"The Shariah Advisory Committee and Islamic Virtual Assets",1321
2026-08-26,queue,"PVARA's Extraterritorial Reach: What Section 4 Actually Grants",1499
2026-08-26,queue,"Which Law Prevails? The Virtual Assets Act, FERA and Data Rules",1403
2026-08-28,queue,"Who Sits on PVARA's Board and How It Decides",1491
2026-08-29,queue,"The PVARA Chairperson: Appointment, Powers and Removal",1349
2026-08-29,queue,"The PVARA Managing Director and Delegated Authority",1309
2026-08-30,queue,"PVARA's Statutory Objectives and Functions, Explained",1485
2026-08-30,queue,"Substance Over Form: PVARA's Power to Classify Your Product",1369
2026-08-31,queue,"The Fourteen Powers PVARA Can Exercise Under Section 9",1843
2026-08-31,queue,"How PVARA Staffs Itself: Posts, Hiring and Secondments",1346
2026-09-01,queue,"Setting Up a Virtual Asset Company in Pakistan: NOC First",1340
2026-09-01,queue,"goAML Registration for Virtual Asset Businesses in Pakistan",1322
2026-09-02,queue,"The PVARA Fund: How Pakistan's Crypto Regulator Is Financed",1379
2026-09-02,queue,"PVARA's Code of Conduct and Public Servant Status Explained",1478
2026-09-03,queue,"Who Does PVARA Share Your Data With? Section 17 Explained",1465
2026-09-03,queue,"The NOC-Before-Incorporation Rule for Pakistani VASPs",1408
2026-09-04,queue,"The VASP Licence Application: Form, Fee and Documents",1218
2026-09-04,queue,"The Registered Office and Resident Key Individual Rule",1307
2026-09-05,queue,"Provisional and Limited-Scope VASP Licences Explained",1263
2026-09-05,queue,"What a VASP Licence Actually Permits Under the Act",1281
2026-09-06,queue,"The PVARA Licensee Register: What It Must Show",1373
2026-09-06,queue,"The Six Continuing Obligations of Every VASP Licensee",1569
2026-09-07,queue,"How a VASP Licence Is Varied, Suspended or Revoked",1499
2026-09-07,queue,"The Three Things You Must Do After Receiving an NOC",1365
2026-09-08,queue,"What an NOC Legally Satisfies Under PVARA's Regulations",1383
2026-09-08,queue,"The Six Criteria PVARA Assesses in an NOC Application",1512
2026-09-09,queue,"The NOC Regulations 2025: Citation, Commencement and Scope",1607
2026-09-09,queue,"NOC as Dual Approval: goAML Registration Plus Incorporation",1512
2026-09-10,queue,"The Four AML-Registered Services You Can Provide Before Licensing",1387
2026-09-10,queue,"Which Services You Cannot Provide Until Fully Licensed",1254
2026-09-11,queue,"The Seven Objectives of the NOC Regulations, in PVARA's Own Words",1241
2026-09-11,queue,"Board Oversight of AML/CFT: What PVARA Expects",1505
2026-09-12,queue,"The Eight Key Individuals an NOC Applicant Must Appoint",1437
2026-09-12,queue,"Can One Person Be Both Compliance Officer and MLRO?",1261
2026-09-13,queue,"The Three Automatic Disqualifiers for a PVARA Key Individual",1316
2026-09-13,queue,"Fit and Proper Under PVARA: Who Assesses Whom?",1442
2026-09-14,queue,"Fit and Proper Is a Continuing Duty Under the Virtual Assets Act",1381
2026-09-14,queue,"Changing Control After Registration: What PVARA Must Approve First",1363
2026-09-15,queue,"Corporate Controllers and the UBOs Behind Them Under PVARA",1356
2026-09-15,queue,"Why the Act Deems VASPs to Be Financial Institutions Under AMLA",1378
2026-09-16,queue,"The Nine Components of a Compliant AML/CFT Framework",1685
2026-09-16,queue,"PVARA's Documentation Standards for NOC Submissions",1373
2026-09-17,queue,"Customer Due Diligence Requirements for VASPs in Pakistan",1277
2026-09-17,queue,"When Is Enhanced Due Diligence Mandatory for a VASP?",1251
2026-09-18,queue,"Transaction Monitoring: The Real-Time Standard",1473
2026-09-18,queue,"STRs and CTRs: What VASPs Must File",1539
2026-09-19,queue,"The Travel Rule in Pakistan",1618
2026-09-19,queue,"Targeted Financial Sanctions Screening and Asset Freezes",1584
2026-09-20,queue,"The Seven-Year Record Retention Rule for Pakistani VASPs",1366
2026-09-20,queue,"Which AML Functions Can a Pakistani VASP Not Outsource?",1308
2026-09-21,queue,"Cross-Border Outsourcing: Making Audit Rights Enforceable",1419
2026-09-21,queue,"Segregation of Customer Assets: The Core Rule Under the Act",1281
2026-09-22,queue,"Customer Assets in Insolvency: The Statutory Ring-Fence",1332
2026-09-22,queue,"The Fiduciary Duty a VASP Owes Its Customers in Pakistan",2026
2026-09-23,queue,"Can a VASP Lend or Pledge Customer Crypto in Pakistan?",1849
2026-09-23,queue,"The Four Levers Behind VASP Capital Rules in Pakistan",1638
2026-09-24,queue,"Custody Standards and Key Management Under the Act",1739
2026-09-24,queue,"Proof of Reserves and the Annual Audit for Pakistani VASPs",1741
2026-09-25,queue,"Reserve Custodians Under Pakistan's Virtual Assets Act",1225
2026-09-25,queue,"Will There Be a Customer Compensation Scheme in Pakistan?",1273
